{
  "bias": [
    -0.007842211650531455,
    -0.011859959847754668,
    0.004843725262706082
  ],
  "T": [
    [
      0.9968872695231266,
      -0.037534559433036886,
      0.027700446498511343
    ],
    [
      -0.03753455943303682,
      1.007595212855313,
      0.02274135019970364
    ],
    [
      0.02770044649851139,
      0.02274135019970378,
      0.9990265180134331
    ]
  ],
  "meta": {
    "M": 